{
  "_fv": 10,
  "_type": "armor",
  "definition": {
    "enableHelmet": true,
    "textureHelmet": "endarmor_head",
    "enableBody": true,
    "textureBody": "endarmor_body",
    "enableLeggings": true,
    "textureLeggings": "endarmor_leggings",
    "enableBoots": true,
    "textureBoots": "endarmor_boots",
    "creativeTab": {
      "value": "COMBAT"
    },
    "armorTextureFile": "endarmor",
    "helmetName": "Endarmor Helmet",
    "bodyName": "Endarmor Body",
    "leggingsName": "Endarmor Leggings",
    "bootsName": "Endarmor Boots",
    "helmetSpecialInfo": [],
    "bodySpecialInfo": [],
    "leggingsSpecialInfo": [],
    "bootsSpecialInfo": [],
    "helmetModelName": "Default",
    "helmetModelPart": "Helmet",
    "helmetModelTexture": "From armor",
    "bodyModelName": "Default",
    "bodyModelPart": "Body",
    "armsModelPartL": "Arms L",
    "armsModelPartR": "Arms R",
    "bodyModelTexture": "From armor",
    "leggingsModelName": "Default",
    "leggingsModelPartL": "Leggings L",
    "leggingsModelPartR": "Leggings R",
    "leggingsModelTexture": "From armor",
    "bootsModelName": "Default",
    "bootsModelPartL": "Boots L",
    "bootsModelPartR": "Boots R",
    "bootsModelTexture": "From armor",
    "maxDamage": 25,
    "damageValueHelmet": 2,
    "damageValueBody": 6,
    "damageValueLeggings": 5,
    "damageValueBoots": 2,
    "enchantability": 9,
    "toughness": 5.0,
    "equipSound": {
      "value": "block.anvil.fall"
    },
    "repairItems": []
  }
}