{
  "_fv": 10,
  "_type": "tool",
  "definition": {
    "renderType": 0,
    "texture": "endpick",
    "customModelName": "Normal",
    "name": "Endpickaxe",
    "specialInfo": [],
    "creativeTab": {
      "value": "TOOLS"
    },
    "toolType": "Pickaxe",
    "harvestLevel": 8,
    "efficiency": 29.0,
    "attackSpeed": 2.0,
    "enchantability": 2,
    "damageVsEntity": 7.0,
    "usageCount": 99999,
    "blocksAffected": [],
    "hasGlow": false,
    "repairItems": [],
    "stayInGridWhenCrafting": false,
    "damageOnCrafting": false
  }
}