{
  "_fv": 10,
  "_type": "item",
  "definition": {
    "renderType": 0,
    "texture": "endsword",
    "customModelName": "Tool",
    "name": "Endsword",
    "creativeTab": {
      "value": "COMBAT"
    },
    "stackSize": 1,
    "enchantability": 0,
    "useDuration": 0,
    "toolType": 4.0,
    "damageCount": 2,
    "destroyAnyBlock": false,
    "stayInGridWhenCrafting": false,
    "damageOnCrafting": false,
    "enableMeleeDamage": true,
    "damageVsEntity": 12.6,
    "specialInfo": [],
    "hasGlow": true,
    "guiBoundTo": "<NONE>",
    "inventorySize": 9,
    "inventoryStackSize": 64
  }
}